"","VARIABLES","grade","spelling_value","math_value","reading_value"
"1","COVID-19 year (2019/2020)","2","-0.211","-0.285","-0.0931"
"2","COVID-19 year (2019/2020)","2","-0.211","-0.285","-0.18"
"3","COVID-19 year (2019/2020)","2","-0.211","-0.285","-0.137"
"4","COVID-19 year (2019/2020)","2","-0.211","-0.285","-0.205"
"5","COVID-19 year (2019/2020)","2","-0.211","-0.313","-0.0931"
"6","COVID-19 year (2019/2020)","2","-0.211","-0.313","-0.18"
"7","COVID-19 year (2019/2020)","2","-0.211","-0.313","-0.137"
"8","COVID-19 year (2019/2020)","2","-0.211","-0.313","-0.205"
"9","COVID-19 year (2019/2020)","2","-0.211","-0.383","-0.0931"
"10","COVID-19 year (2019/2020)","2","-0.211","-0.383","-0.18"
"11","COVID-19 year (2019/2020)","2","-0.211","-0.383","-0.137"
"12","COVID-19 year (2019/2020)","2","-0.211","-0.383","-0.205"
"13","COVID-19 year (2019/2020)","2","-0.211","-0.378","-0.0931"
"14","COVID-19 year (2019/2020)","2","-0.211","-0.378","-0.18"
"15","COVID-19 year (2019/2020)","2","-0.211","-0.378","-0.137"
"16","COVID-19 year (2019/2020)","2","-0.211","-0.378","-0.205"
"17","COVID-19 year (2019/2020)","3","-0.194","-0.285","-0.0931"
"18","COVID-19 year (2019/2020)","3","-0.194","-0.285","-0.18"
"19","COVID-19 year (2019/2020)","3","-0.194","-0.285","-0.137"
"20","COVID-19 year (2019/2020)","3","-0.194","-0.285","-0.205"
"21","COVID-19 year (2019/2020)","3","-0.194","-0.313","-0.0931"
"22","COVID-19 year (2019/2020)","3","-0.194","-0.313","-0.18"
"23","COVID-19 year (2019/2020)","3","-0.194","-0.313","-0.137"
"24","COVID-19 year (2019/2020)","3","-0.194","-0.313","-0.205"
"25","COVID-19 year (2019/2020)","3","-0.194","-0.383","-0.0931"
"26","COVID-19 year (2019/2020)","3","-0.194","-0.383","-0.18"
"27","COVID-19 year (2019/2020)","3","-0.194","-0.383","-0.137"
"28","COVID-19 year (2019/2020)","3","-0.194","-0.383","-0.205"
"29","COVID-19 year (2019/2020)","3","-0.194","-0.378","-0.0931"
"30","COVID-19 year (2019/2020)","3","-0.194","-0.378","-0.18"
"31","COVID-19 year (2019/2020)","3","-0.194","-0.378","-0.137"
"32","COVID-19 year (2019/2020)","3","-0.194","-0.378","-0.205"
"33","COVID-19 year (2019/2020)","4","-0.146","-0.285","-0.0931"
"34","COVID-19 year (2019/2020)","4","-0.146","-0.285","-0.18"
"35","COVID-19 year (2019/2020)","4","-0.146","-0.285","-0.137"
"36","COVID-19 year (2019/2020)","4","-0.146","-0.285","-0.205"
"37","COVID-19 year (2019/2020)","4","-0.146","-0.313","-0.0931"
"38","COVID-19 year (2019/2020)","4","-0.146","-0.313","-0.18"
"39","COVID-19 year (2019/2020)","4","-0.146","-0.313","-0.137"
"40","COVID-19 year (2019/2020)","4","-0.146","-0.313","-0.205"
"41","COVID-19 year (2019/2020)","4","-0.146","-0.383","-0.0931"
"42","COVID-19 year (2019/2020)","4","-0.146","-0.383","-0.18"
"43","COVID-19 year (2019/2020)","4","-0.146","-0.383","-0.137"
"44","COVID-19 year (2019/2020)","4","-0.146","-0.383","-0.205"
"45","COVID-19 year (2019/2020)","4","-0.146","-0.378","-0.0931"
"46","COVID-19 year (2019/2020)","4","-0.146","-0.378","-0.18"
"47","COVID-19 year (2019/2020)","4","-0.146","-0.378","-0.137"
"48","COVID-19 year (2019/2020)","4","-0.146","-0.378","-0.205"
"49","COVID-19 year (2019/2020)","5","-0.181","-0.285","-0.0931"
"50","COVID-19 year (2019/2020)","5","-0.181","-0.285","-0.18"
"51","COVID-19 year (2019/2020)","5","-0.181","-0.285","-0.137"
"52","COVID-19 year (2019/2020)","5","-0.181","-0.285","-0.205"
"53","COVID-19 year (2019/2020)","5","-0.181","-0.313","-0.0931"
"54","COVID-19 year (2019/2020)","5","-0.181","-0.313","-0.18"
"55","COVID-19 year (2019/2020)","5","-0.181","-0.313","-0.137"
"56","COVID-19 year (2019/2020)","5","-0.181","-0.313","-0.205"
"57","COVID-19 year (2019/2020)","5","-0.181","-0.383","-0.0931"
"58","COVID-19 year (2019/2020)","5","-0.181","-0.383","-0.18"
"59","COVID-19 year (2019/2020)","5","-0.181","-0.383","-0.137"
"60","COVID-19 year (2019/2020)","5","-0.181","-0.383","-0.205"
"61","COVID-19 year (2019/2020)","5","-0.181","-0.378","-0.0931"
"62","COVID-19 year (2019/2020)","5","-0.181","-0.378","-0.18"
"63","COVID-19 year (2019/2020)","5","-0.181","-0.378","-0.137"
"64","COVID-19 year (2019/2020)","5","-0.181","-0.378","-0.205"
"65","Medium","2","-0.0156","-0.0247","-0.0233"
"66","Medium","2","-0.0156","-0.0247","-0.0105"
"67","Medium","2","-0.0156","-0.0247","-0.00709"
"68","Medium","2","-0.0156","-0.0247","0.0186"
"69","Medium","2","-0.0156","-0.00393","-0.0233"
"70","Medium","2","-0.0156","-0.00393","-0.0105"
"71","Medium","2","-0.0156","-0.00393","-0.00709"
"72","Medium","2","-0.0156","-0.00393","0.0186"
"73","Medium","2","-0.0156","-0.0162","-0.0233"
"74","Medium","2","-0.0156","-0.0162","-0.0105"
"75","Medium","2","-0.0156","-0.0162","-0.00709"
"76","Medium","2","-0.0156","-0.0162","0.0186"
"77","Medium","2","-0.0156","-0.0144","-0.0233"
"78","Medium","2","-0.0156","-0.0144","-0.0105"
"79","Medium","2","-0.0156","-0.0144","-0.00709"
"80","Medium","2","-0.0156","-0.0144","0.0186"
"81","Medium","3","-0.0212","-0.0247","-0.0233"
"82","Medium","3","-0.0212","-0.0247","-0.0105"
"83","Medium","3","-0.0212","-0.0247","-0.00709"
"84","Medium","3","-0.0212","-0.0247","0.0186"
"85","Medium","3","-0.0212","-0.00393","-0.0233"
"86","Medium","3","-0.0212","-0.00393","-0.0105"
"87","Medium","3","-0.0212","-0.00393","-0.00709"
"88","Medium","3","-0.0212","-0.00393","0.0186"
"89","Medium","3","-0.0212","-0.0162","-0.0233"
"90","Medium","3","-0.0212","-0.0162","-0.0105"
"91","Medium","3","-0.0212","-0.0162","-0.00709"
"92","Medium","3","-0.0212","-0.0162","0.0186"
"93","Medium","3","-0.0212","-0.0144","-0.0233"
"94","Medium","3","-0.0212","-0.0144","-0.0105"
"95","Medium","3","-0.0212","-0.0144","-0.00709"
"96","Medium","3","-0.0212","-0.0144","0.0186"
"97","Medium","4","-0.0161","-0.0247","-0.0233"
"98","Medium","4","-0.0161","-0.0247","-0.0105"
"99","Medium","4","-0.0161","-0.0247","-0.00709"
"100","Medium","4","-0.0161","-0.0247","0.0186"
"101","Medium","4","-0.0161","-0.00393","-0.0233"
"102","Medium","4","-0.0161","-0.00393","-0.0105"
"103","Medium","4","-0.0161","-0.00393","-0.00709"
"104","Medium","4","-0.0161","-0.00393","0.0186"
"105","Medium","4","-0.0161","-0.0162","-0.0233"
"106","Medium","4","-0.0161","-0.0162","-0.0105"
"107","Medium","4","-0.0161","-0.0162","-0.00709"
"108","Medium","4","-0.0161","-0.0162","0.0186"
"109","Medium","4","-0.0161","-0.0144","-0.0233"
"110","Medium","4","-0.0161","-0.0144","-0.0105"
"111","Medium","4","-0.0161","-0.0144","-0.00709"
"112","Medium","4","-0.0161","-0.0144","0.0186"
"113","Medium","5","0.0046","-0.0247","-0.0233"
"114","Medium","5","0.0046","-0.0247","-0.0105"
"115","Medium","5","0.0046","-0.0247","-0.00709"
"116","Medium","5","0.0046","-0.0247","0.0186"
"117","Medium","5","0.0046","-0.00393","-0.0233"
"118","Medium","5","0.0046","-0.00393","-0.0105"
"119","Medium","5","0.0046","-0.00393","-0.00709"
"120","Medium","5","0.0046","-0.00393","0.0186"
"121","Medium","5","0.0046","-0.0162","-0.0233"
"122","Medium","5","0.0046","-0.0162","-0.0105"
"123","Medium","5","0.0046","-0.0162","-0.00709"
"124","Medium","5","0.0046","-0.0162","0.0186"
"125","Medium","5","0.0046","-0.0144","-0.0233"
"126","Medium","5","0.0046","-0.0144","-0.0105"
"127","Medium","5","0.0046","-0.0144","-0.00709"
"128","Medium","5","0.0046","-0.0144","0.0186"
"129","High","2","0.0176","-0.0427","0.0181"
"130","High","2","0.0176","-0.0427","0.0326"
"131","High","2","0.0176","-0.0427","0.0291"
"132","High","2","0.0176","-0.0427","0.0327"
"133","High","2","0.0176","0.00333","0.0181"
"134","High","2","0.0176","0.00333","0.0326"
"135","High","2","0.0176","0.00333","0.0291"
"136","High","2","0.0176","0.00333","0.0327"
"137","High","2","0.0176","0.012","0.0181"
"138","High","2","0.0176","0.012","0.0326"
"139","High","2","0.0176","0.012","0.0291"
"140","High","2","0.0176","0.012","0.0327"
"141","High","2","0.0176","-0.00313","0.0181"
"142","High","2","0.0176","-0.00313","0.0326"
"143","High","2","0.0176","-0.00313","0.0291"
"144","High","2","0.0176","-0.00313","0.0327"
"145","High","3","-0.0323","-0.0427","0.0181"
"146","High","3","-0.0323","-0.0427","0.0326"
"147","High","3","-0.0323","-0.0427","0.0291"
"148","High","3","-0.0323","-0.0427","0.0327"
"149","High","3","-0.0323","0.00333","0.0181"
"150","High","3","-0.0323","0.00333","0.0326"
"151","High","3","-0.0323","0.00333","0.0291"
"152","High","3","-0.0323","0.00333","0.0327"
"153","High","3","-0.0323","0.012","0.0181"
"154","High","3","-0.0323","0.012","0.0326"
"155","High","3","-0.0323","0.012","0.0291"
"156","High","3","-0.0323","0.012","0.0327"
"157","High","3","-0.0323","-0.00313","0.0181"
"158","High","3","-0.0323","-0.00313","0.0326"
"159","High","3","-0.0323","-0.00313","0.0291"
"160","High","3","-0.0323","-0.00313","0.0327"
"161","High","4","-0.0214","-0.0427","0.0181"
"162","High","4","-0.0214","-0.0427","0.0326"
"163","High","4","-0.0214","-0.0427","0.0291"
"164","High","4","-0.0214","-0.0427","0.0327"
"165","High","4","-0.0214","0.00333","0.0181"
"166","High","4","-0.0214","0.00333","0.0326"
"167","High","4","-0.0214","0.00333","0.0291"
"168","High","4","-0.0214","0.00333","0.0327"
"169","High","4","-0.0214","0.012","0.0181"
"170","High","4","-0.0214","0.012","0.0326"
"171","High","4","-0.0214","0.012","0.0291"
"172","High","4","-0.0214","0.012","0.0327"
"173","High","4","-0.0214","-0.00313","0.0181"
"174","High","4","-0.0214","-0.00313","0.0326"
"175","High","4","-0.0214","-0.00313","0.0291"
"176","High","4","-0.0214","-0.00313","0.0327"
"177","High","5","0.0145","-0.0427","0.0181"
"178","High","5","0.0145","-0.0427","0.0326"
"179","High","5","0.0145","-0.0427","0.0291"
"180","High","5","0.0145","-0.0427","0.0327"
"181","High","5","0.0145","0.00333","0.0181"
"182","High","5","0.0145","0.00333","0.0326"
"183","High","5","0.0145","0.00333","0.0291"
"184","High","5","0.0145","0.00333","0.0327"
"185","High","5","0.0145","0.012","0.0181"
"186","High","5","0.0145","0.012","0.0326"
"187","High","5","0.0145","0.012","0.0291"
"188","High","5","0.0145","0.012","0.0327"
"189","High","5","0.0145","-0.00313","0.0181"
"190","High","5","0.0145","-0.00313","0.0326"
"191","High","5","0.0145","-0.00313","0.0291"
"192","High","5","0.0145","-0.00313","0.0327"
"193","Missing","2","0.207","0.0372","0.0498"
"194","Missing","2","0.207","0.0372","0.0456"
"195","Missing","2","0.207","0.0372","0.111"
"196","Missing","2","0.207","0.0372","0.117"
"197","Missing","2","0.207","0.0135","0.0498"
"198","Missing","2","0.207","0.0135","0.0456"
"199","Missing","2","0.207","0.0135","0.111"
"200","Missing","2","0.207","0.0135","0.117"
"201","Missing","2","0.207","0.0834","0.0498"
"202","Missing","2","0.207","0.0834","0.0456"
"203","Missing","2","0.207","0.0834","0.111"
"204","Missing","2","0.207","0.0834","0.117"
"205","Missing","2","0.207","0.0846","0.0498"
"206","Missing","2","0.207","0.0846","0.0456"
"207","Missing","2","0.207","0.0846","0.111"
"208","Missing","2","0.207","0.0846","0.117"
"209","Missing","3","0.0962","0.0372","0.0498"
"210","Missing","3","0.0962","0.0372","0.0456"
"211","Missing","3","0.0962","0.0372","0.111"
"212","Missing","3","0.0962","0.0372","0.117"
"213","Missing","3","0.0962","0.0135","0.0498"
"214","Missing","3","0.0962","0.0135","0.0456"
"215","Missing","3","0.0962","0.0135","0.111"
"216","Missing","3","0.0962","0.0135","0.117"
"217","Missing","3","0.0962","0.0834","0.0498"
"218","Missing","3","0.0962","0.0834","0.0456"
"219","Missing","3","0.0962","0.0834","0.111"
"220","Missing","3","0.0962","0.0834","0.117"
"221","Missing","3","0.0962","0.0846","0.0498"
"222","Missing","3","0.0962","0.0846","0.0456"
"223","Missing","3","0.0962","0.0846","0.111"
"224","Missing","3","0.0962","0.0846","0.117"
"225","Missing","4","0.284","0.0372","0.0498"
"226","Missing","4","0.284","0.0372","0.0456"
"227","Missing","4","0.284","0.0372","0.111"
"228","Missing","4","0.284","0.0372","0.117"
"229","Missing","4","0.284","0.0135","0.0498"
"230","Missing","4","0.284","0.0135","0.0456"
"231","Missing","4","0.284","0.0135","0.111"
"232","Missing","4","0.284","0.0135","0.117"
"233","Missing","4","0.284","0.0834","0.0498"
"234","Missing","4","0.284","0.0834","0.0456"
"235","Missing","4","0.284","0.0834","0.111"
"236","Missing","4","0.284","0.0834","0.117"
"237","Missing","4","0.284","0.0846","0.0498"
"238","Missing","4","0.284","0.0846","0.0456"
"239","Missing","4","0.284","0.0846","0.111"
"240","Missing","4","0.284","0.0846","0.117"
"241","Missing","5","0.213","0.0372","0.0498"
"242","Missing","5","0.213","0.0372","0.0456"
"243","Missing","5","0.213","0.0372","0.111"
"244","Missing","5","0.213","0.0372","0.117"
"245","Missing","5","0.213","0.0135","0.0498"
"246","Missing","5","0.213","0.0135","0.0456"
"247","Missing","5","0.213","0.0135","0.111"
"248","Missing","5","0.213","0.0135","0.117"
"249","Missing","5","0.213","0.0834","0.0498"
"250","Missing","5","0.213","0.0834","0.0456"
"251","Missing","5","0.213","0.0834","0.111"
"252","Missing","5","0.213","0.0834","0.117"
"253","Missing","5","0.213","0.0846","0.0498"
"254","Missing","5","0.213","0.0846","0.0456"
"255","Missing","5","0.213","0.0846","0.111"
"256","Missing","5","0.213","0.0846","0.117"
"257","COVID-19 year * Medium income household","2","0.0478","0.0934","0.0352"
"258","COVID-19 year * Medium income household","2","0.0478","0.0934","0.0632"
"259","COVID-19 year * Medium income household","2","0.0478","0.0934","0.0403"
"260","COVID-19 year * Medium income household","2","0.0478","0.0934","0.0397"
"261","COVID-19 year * Medium income household","2","0.0478","0.0727","0.0352"
"262","COVID-19 year * Medium income household","2","0.0478","0.0727","0.0632"
"263","COVID-19 year * Medium income household","2","0.0478","0.0727","0.0403"
"264","COVID-19 year * Medium income household","2","0.0478","0.0727","0.0397"
"265","COVID-19 year * Medium income household","2","0.0478","0.057","0.0352"
"266","COVID-19 year * Medium income household","2","0.0478","0.057","0.0632"
"267","COVID-19 year * Medium income household","2","0.0478","0.057","0.0403"
"268","COVID-19 year * Medium income household","2","0.0478","0.057","0.0397"
"269","COVID-19 year * Medium income household","2","0.0478","0.0312","0.0352"
"270","COVID-19 year * Medium income household","2","0.0478","0.0312","0.0632"
"271","COVID-19 year * Medium income household","2","0.0478","0.0312","0.0403"
"272","COVID-19 year * Medium income household","2","0.0478","0.0312","0.0397"
"273","COVID-19 year * Medium income household","3","0.0419","0.0934","0.0352"
"274","COVID-19 year * Medium income household","3","0.0419","0.0934","0.0632"
"275","COVID-19 year * Medium income household","3","0.0419","0.0934","0.0403"
"276","COVID-19 year * Medium income household","3","0.0419","0.0934","0.0397"
"277","COVID-19 year * Medium income household","3","0.0419","0.0727","0.0352"
"278","COVID-19 year * Medium income household","3","0.0419","0.0727","0.0632"
"279","COVID-19 year * Medium income household","3","0.0419","0.0727","0.0403"
"280","COVID-19 year * Medium income household","3","0.0419","0.0727","0.0397"
"281","COVID-19 year * Medium income household","3","0.0419","0.057","0.0352"
"282","COVID-19 year * Medium income household","3","0.0419","0.057","0.0632"
"283","COVID-19 year * Medium income household","3","0.0419","0.057","0.0403"
"284","COVID-19 year * Medium income household","3","0.0419","0.057","0.0397"
"285","COVID-19 year * Medium income household","3","0.0419","0.0312","0.0352"
"286","COVID-19 year * Medium income household","3","0.0419","0.0312","0.0632"
"287","COVID-19 year * Medium income household","3","0.0419","0.0312","0.0403"
"288","COVID-19 year * Medium income household","3","0.0419","0.0312","0.0397"
"289","COVID-19 year * Medium income household","4","0.00458","0.0934","0.0352"
"290","COVID-19 year * Medium income household","4","0.00458","0.0934","0.0632"
"291","COVID-19 year * Medium income household","4","0.00458","0.0934","0.0403"
"292","COVID-19 year * Medium income household","4","0.00458","0.0934","0.0397"
"293","COVID-19 year * Medium income household","4","0.00458","0.0727","0.0352"
"294","COVID-19 year * Medium income household","4","0.00458","0.0727","0.0632"
"295","COVID-19 year * Medium income household","4","0.00458","0.0727","0.0403"
"296","COVID-19 year * Medium income household","4","0.00458","0.0727","0.0397"
"297","COVID-19 year * Medium income household","4","0.00458","0.057","0.0352"
"298","COVID-19 year * Medium income household","4","0.00458","0.057","0.0632"
"299","COVID-19 year * Medium income household","4","0.00458","0.057","0.0403"
"300","COVID-19 year * Medium income household","4","0.00458","0.057","0.0397"
"301","COVID-19 year * Medium income household","4","0.00458","0.0312","0.0352"
"302","COVID-19 year * Medium income household","4","0.00458","0.0312","0.0632"
"303","COVID-19 year * Medium income household","4","0.00458","0.0312","0.0403"
"304","COVID-19 year * Medium income household","4","0.00458","0.0312","0.0397"
"305","COVID-19 year * Medium income household","5","0.0168","0.0934","0.0352"
"306","COVID-19 year * Medium income household","5","0.0168","0.0934","0.0632"
"307","COVID-19 year * Medium income household","5","0.0168","0.0934","0.0403"
"308","COVID-19 year * Medium income household","5","0.0168","0.0934","0.0397"
"309","COVID-19 year * Medium income household","5","0.0168","0.0727","0.0352"
"310","COVID-19 year * Medium income household","5","0.0168","0.0727","0.0632"
"311","COVID-19 year * Medium income household","5","0.0168","0.0727","0.0403"
"312","COVID-19 year * Medium income household","5","0.0168","0.0727","0.0397"
"313","COVID-19 year * Medium income household","5","0.0168","0.057","0.0352"
"314","COVID-19 year * Medium income household","5","0.0168","0.057","0.0632"
"315","COVID-19 year * Medium income household","5","0.0168","0.057","0.0403"
"316","COVID-19 year * Medium income household","5","0.0168","0.057","0.0397"
"317","COVID-19 year * Medium income household","5","0.0168","0.0312","0.0352"
"318","COVID-19 year * Medium income household","5","0.0168","0.0312","0.0632"
"319","COVID-19 year * Medium income household","5","0.0168","0.0312","0.0403"
"320","COVID-19 year * Medium income household","5","0.0168","0.0312","0.0397"
"321","COVID-19 year * High income household","2","0.0911","0.122","0.00549"
"322","COVID-19 year * High income household","2","0.0911","0.122","0.0516"
"323","COVID-19 year * High income household","2","0.0911","0.122","0.033"
"324","COVID-19 year * High income household","2","0.0911","0.122","0.043"
"325","COVID-19 year * High income household","2","0.0911","0.094","0.00549"
"326","COVID-19 year * High income household","2","0.0911","0.094","0.0516"
"327","COVID-19 year * High income household","2","0.0911","0.094","0.033"
"328","COVID-19 year * High income household","2","0.0911","0.094","0.043"
"329","COVID-19 year * High income household","2","0.0911","0.0441","0.00549"
"330","COVID-19 year * High income household","2","0.0911","0.0441","0.0516"
"331","COVID-19 year * High income household","2","0.0911","0.0441","0.033"
"332","COVID-19 year * High income household","2","0.0911","0.0441","0.043"
"333","COVID-19 year * High income household","2","0.0911","0.0186","0.00549"
"334","COVID-19 year * High income household","2","0.0911","0.0186","0.0516"
"335","COVID-19 year * High income household","2","0.0911","0.0186","0.033"
"336","COVID-19 year * High income household","2","0.0911","0.0186","0.043"
"337","COVID-19 year * High income household","3","0.0724","0.122","0.00549"
"338","COVID-19 year * High income household","3","0.0724","0.122","0.0516"
"339","COVID-19 year * High income household","3","0.0724","0.122","0.033"
"340","COVID-19 year * High income household","3","0.0724","0.122","0.043"
"341","COVID-19 year * High income household","3","0.0724","0.094","0.00549"
"342","COVID-19 year * High income household","3","0.0724","0.094","0.0516"
"343","COVID-19 year * High income household","3","0.0724","0.094","0.033"
"344","COVID-19 year * High income household","3","0.0724","0.094","0.043"
"345","COVID-19 year * High income household","3","0.0724","0.0441","0.00549"
"346","COVID-19 year * High income household","3","0.0724","0.0441","0.0516"
"347","COVID-19 year * High income household","3","0.0724","0.0441","0.033"
"348","COVID-19 year * High income household","3","0.0724","0.0441","0.043"
"349","COVID-19 year * High income household","3","0.0724","0.0186","0.00549"
"350","COVID-19 year * High income household","3","0.0724","0.0186","0.0516"
"351","COVID-19 year * High income household","3","0.0724","0.0186","0.033"
"352","COVID-19 year * High income household","3","0.0724","0.0186","0.043"
"353","COVID-19 year * High income household","4","0.0647","0.122","0.00549"
"354","COVID-19 year * High income household","4","0.0647","0.122","0.0516"
"355","COVID-19 year * High income household","4","0.0647","0.122","0.033"
"356","COVID-19 year * High income household","4","0.0647","0.122","0.043"
"357","COVID-19 year * High income household","4","0.0647","0.094","0.00549"
"358","COVID-19 year * High income household","4","0.0647","0.094","0.0516"
"359","COVID-19 year * High income household","4","0.0647","0.094","0.033"
"360","COVID-19 year * High income household","4","0.0647","0.094","0.043"
"361","COVID-19 year * High income household","4","0.0647","0.0441","0.00549"
"362","COVID-19 year * High income household","4","0.0647","0.0441","0.0516"
"363","COVID-19 year * High income household","4","0.0647","0.0441","0.033"
"364","COVID-19 year * High income household","4","0.0647","0.0441","0.043"
"365","COVID-19 year * High income household","4","0.0647","0.0186","0.00549"
"366","COVID-19 year * High income household","4","0.0647","0.0186","0.0516"
"367","COVID-19 year * High income household","4","0.0647","0.0186","0.033"
"368","COVID-19 year * High income household","4","0.0647","0.0186","0.043"
"369","COVID-19 year * High income household","5","0.00992","0.122","0.00549"
"370","COVID-19 year * High income household","5","0.00992","0.122","0.0516"
"371","COVID-19 year * High income household","5","0.00992","0.122","0.033"
"372","COVID-19 year * High income household","5","0.00992","0.122","0.043"
"373","COVID-19 year * High income household","5","0.00992","0.094","0.00549"
"374","COVID-19 year * High income household","5","0.00992","0.094","0.0516"
"375","COVID-19 year * High income household","5","0.00992","0.094","0.033"
"376","COVID-19 year * High income household","5","0.00992","0.094","0.043"
"377","COVID-19 year * High income household","5","0.00992","0.0441","0.00549"
"378","COVID-19 year * High income household","5","0.00992","0.0441","0.0516"
"379","COVID-19 year * High income household","5","0.00992","0.0441","0.033"
"380","COVID-19 year * High income household","5","0.00992","0.0441","0.043"
"381","COVID-19 year * High income household","5","0.00992","0.0186","0.00549"
"382","COVID-19 year * High income household","5","0.00992","0.0186","0.0516"
"383","COVID-19 year * High income household","5","0.00992","0.0186","0.033"
"384","COVID-19 year * High income household","5","0.00992","0.0186","0.043"
"385","COVID-19 year * Household income missing","2","0.035","-0.0218","-0.0243"
"386","COVID-19 year * Household income missing","2","0.035","-0.0218","0.0611"
"387","COVID-19 year * Household income missing","2","0.035","-0.0218","-0.0627"
"388","COVID-19 year * Household income missing","2","0.035","-0.0218","0.197"
"389","COVID-19 year * Household income missing","2","0.035","0.0881","-0.0243"
"390","COVID-19 year * Household income missing","2","0.035","0.0881","0.0611"
"391","COVID-19 year * Household income missing","2","0.035","0.0881","-0.0627"
"392","COVID-19 year * Household income missing","2","0.035","0.0881","0.197"
"393","COVID-19 year * Household income missing","2","0.035","0.0165","-0.0243"
"394","COVID-19 year * Household income missing","2","0.035","0.0165","0.0611"
"395","COVID-19 year * Household income missing","2","0.035","0.0165","-0.0627"
"396","COVID-19 year * Household income missing","2","0.035","0.0165","0.197"
"397","COVID-19 year * Household income missing","2","0.035","-0.0434","-0.0243"
"398","COVID-19 year * Household income missing","2","0.035","-0.0434","0.0611"
"399","COVID-19 year * Household income missing","2","0.035","-0.0434","-0.0627"
"400","COVID-19 year * Household income missing","2","0.035","-0.0434","0.197"
"401","COVID-19 year * Household income missing","3","0.159","-0.0218","-0.0243"
"402","COVID-19 year * Household income missing","3","0.159","-0.0218","0.0611"
"403","COVID-19 year * Household income missing","3","0.159","-0.0218","-0.0627"
"404","COVID-19 year * Household income missing","3","0.159","-0.0218","0.197"
"405","COVID-19 year * Household income missing","3","0.159","0.0881","-0.0243"
"406","COVID-19 year * Household income missing","3","0.159","0.0881","0.0611"
"407","COVID-19 year * Household income missing","3","0.159","0.0881","-0.0627"
"408","COVID-19 year * Household income missing","3","0.159","0.0881","0.197"
"409","COVID-19 year * Household income missing","3","0.159","0.0165","-0.0243"
"410","COVID-19 year * Household income missing","3","0.159","0.0165","0.0611"
"411","COVID-19 year * Household income missing","3","0.159","0.0165","-0.0627"
"412","COVID-19 year * Household income missing","3","0.159","0.0165","0.197"
"413","COVID-19 year * Household income missing","3","0.159","-0.0434","-0.0243"
"414","COVID-19 year * Household income missing","3","0.159","-0.0434","0.0611"
"415","COVID-19 year * Household income missing","3","0.159","-0.0434","-0.0627"
"416","COVID-19 year * Household income missing","3","0.159","-0.0434","0.197"
"417","COVID-19 year * Household income missing","4","-0.018","-0.0218","-0.0243"
"418","COVID-19 year * Household income missing","4","-0.018","-0.0218","0.0611"
"419","COVID-19 year * Household income missing","4","-0.018","-0.0218","-0.0627"
"420","COVID-19 year * Household income missing","4","-0.018","-0.0218","0.197"
"421","COVID-19 year * Household income missing","4","-0.018","0.0881","-0.0243"
"422","COVID-19 year * Household income missing","4","-0.018","0.0881","0.0611"
"423","COVID-19 year * Household income missing","4","-0.018","0.0881","-0.0627"
"424","COVID-19 year * Household income missing","4","-0.018","0.0881","0.197"
"425","COVID-19 year * Household income missing","4","-0.018","0.0165","-0.0243"
"426","COVID-19 year * Household income missing","4","-0.018","0.0165","0.0611"
"427","COVID-19 year * Household income missing","4","-0.018","0.0165","-0.0627"
"428","COVID-19 year * Household income missing","4","-0.018","0.0165","0.197"
"429","COVID-19 year * Household income missing","4","-0.018","-0.0434","-0.0243"
"430","COVID-19 year * Household income missing","4","-0.018","-0.0434","0.0611"
"431","COVID-19 year * Household income missing","4","-0.018","-0.0434","-0.0627"
"432","COVID-19 year * Household income missing","4","-0.018","-0.0434","0.197"
"433","COVID-19 year * Household income missing","5","-0.19","-0.0218","-0.0243"
"434","COVID-19 year * Household income missing","5","-0.19","-0.0218","0.0611"
"435","COVID-19 year * Household income missing","5","-0.19","-0.0218","-0.0627"
"436","COVID-19 year * Household income missing","5","-0.19","-0.0218","0.197"
"437","COVID-19 year * Household income missing","5","-0.19","0.0881","-0.0243"
"438","COVID-19 year * Household income missing","5","-0.19","0.0881","0.0611"
"439","COVID-19 year * Household income missing","5","-0.19","0.0881","-0.0627"
"440","COVID-19 year * Household income missing","5","-0.19","0.0881","0.197"
"441","COVID-19 year * Household income missing","5","-0.19","0.0165","-0.0243"
"442","COVID-19 year * Household income missing","5","-0.19","0.0165","0.0611"
"443","COVID-19 year * Household income missing","5","-0.19","0.0165","-0.0627"
"444","COVID-19 year * Household income missing","5","-0.19","0.0165","0.197"
"445","COVID-19 year * Household income missing","5","-0.19","-0.0434","-0.0243"
"446","COVID-19 year * Household income missing","5","-0.19","-0.0434","0.0611"
"447","COVID-19 year * Household income missing","5","-0.19","-0.0434","-0.0627"
"448","COVID-19 year * Household income missing","5","-0.19","-0.0434","0.197"
"449","Medium","2","-0.018","-0.0106","0.00413"
"450","Medium","2","-0.018","-0.0106","0.0461"
"451","Medium","2","-0.018","-0.0106","0.0362"
"452","Medium","2","-0.018","-0.0106","0.0209"
"453","Medium","2","-0.018","-0.0249","0.00413"
"454","Medium","2","-0.018","-0.0249","0.0461"
"455","Medium","2","-0.018","-0.0249","0.0362"
"456","Medium","2","-0.018","-0.0249","0.0209"
"457","Medium","2","-0.018","0.00206","0.00413"
"458","Medium","2","-0.018","0.00206","0.0461"
"459","Medium","2","-0.018","0.00206","0.0362"
"460","Medium","2","-0.018","0.00206","0.0209"
"461","Medium","2","-0.018","0.00977","0.00413"
"462","Medium","2","-0.018","0.00977","0.0461"
"463","Medium","2","-0.018","0.00977","0.0362"
"464","Medium","2","-0.018","0.00977","0.0209"
"465","Medium","3","0.0156","-0.0106","0.00413"
"466","Medium","3","0.0156","-0.0106","0.0461"
"467","Medium","3","0.0156","-0.0106","0.0362"
"468","Medium","3","0.0156","-0.0106","0.0209"
"469","Medium","3","0.0156","-0.0249","0.00413"
"470","Medium","3","0.0156","-0.0249","0.0461"
"471","Medium","3","0.0156","-0.0249","0.0362"
"472","Medium","3","0.0156","-0.0249","0.0209"
"473","Medium","3","0.0156","0.00206","0.00413"
"474","Medium","3","0.0156","0.00206","0.0461"
"475","Medium","3","0.0156","0.00206","0.0362"
"476","Medium","3","0.0156","0.00206","0.0209"
"477","Medium","3","0.0156","0.00977","0.00413"
"478","Medium","3","0.0156","0.00977","0.0461"
"479","Medium","3","0.0156","0.00977","0.0362"
"480","Medium","3","0.0156","0.00977","0.0209"
"481","Medium","4","-0.016","-0.0106","0.00413"
"482","Medium","4","-0.016","-0.0106","0.0461"
"483","Medium","4","-0.016","-0.0106","0.0362"
"484","Medium","4","-0.016","-0.0106","0.0209"
"485","Medium","4","-0.016","-0.0249","0.00413"
"486","Medium","4","-0.016","-0.0249","0.0461"
"487","Medium","4","-0.016","-0.0249","0.0362"
"488","Medium","4","-0.016","-0.0249","0.0209"
"489","Medium","4","-0.016","0.00206","0.00413"
"490","Medium","4","-0.016","0.00206","0.0461"
"491","Medium","4","-0.016","0.00206","0.0362"
"492","Medium","4","-0.016","0.00206","0.0209"
"493","Medium","4","-0.016","0.00977","0.00413"
"494","Medium","4","-0.016","0.00977","0.0461"
"495","Medium","4","-0.016","0.00977","0.0362"
"496","Medium","4","-0.016","0.00977","0.0209"
"497","Medium","5","0.0832","-0.0106","0.00413"
"498","Medium","5","0.0832","-0.0106","0.0461"
"499","Medium","5","0.0832","-0.0106","0.0362"
"500","Medium","5","0.0832","-0.0106","0.0209"
"501","Medium","5","0.0832","-0.0249","0.00413"
"502","Medium","5","0.0832","-0.0249","0.0461"
"503","Medium","5","0.0832","-0.0249","0.0362"
"504","Medium","5","0.0832","-0.0249","0.0209"
"505","Medium","5","0.0832","0.00206","0.00413"
"506","Medium","5","0.0832","0.00206","0.0461"
"507","Medium","5","0.0832","0.00206","0.0362"
"508","Medium","5","0.0832","0.00206","0.0209"
"509","Medium","5","0.0832","0.00977","0.00413"
"510","Medium","5","0.0832","0.00977","0.0461"
"511","Medium","5","0.0832","0.00977","0.0362"
"512","Medium","5","0.0832","0.00977","0.0209"
"513","High","2","0.0315","-0.00397","0.0235"
"514","High","2","0.0315","-0.00397","0.118"
"515","High","2","0.0315","-0.00397","0.11"
"516","High","2","0.0315","-0.00397","0.0467"
"517","High","2","0.0315","-0.00166","0.0235"
"518","High","2","0.0315","-0.00166","0.118"
"519","High","2","0.0315","-0.00166","0.11"
"520","High","2","0.0315","-0.00166","0.0467"
"521","High","2","0.0315","0.0061","0.0235"
"522","High","2","0.0315","0.0061","0.118"
"523","High","2","0.0315","0.0061","0.11"
"524","High","2","0.0315","0.0061","0.0467"
"525","High","2","0.0315","0.0153","0.0235"
"526","High","2","0.0315","0.0153","0.118"
"527","High","2","0.0315","0.0153","0.11"
"528","High","2","0.0315","0.0153","0.0467"
"529","High","3","0.0329","-0.00397","0.0235"
"530","High","3","0.0329","-0.00397","0.118"
"531","High","3","0.0329","-0.00397","0.11"
"532","High","3","0.0329","-0.00397","0.0467"
"533","High","3","0.0329","-0.00166","0.0235"
"534","High","3","0.0329","-0.00166","0.118"
"535","High","3","0.0329","-0.00166","0.11"
"536","High","3","0.0329","-0.00166","0.0467"
"537","High","3","0.0329","0.0061","0.0235"
"538","High","3","0.0329","0.0061","0.118"
"539","High","3","0.0329","0.0061","0.11"
"540","High","3","0.0329","0.0061","0.0467"
"541","High","3","0.0329","0.0153","0.0235"
"542","High","3","0.0329","0.0153","0.118"
"543","High","3","0.0329","0.0153","0.11"
"544","High","3","0.0329","0.0153","0.0467"
"545","High","4","-0.0142","-0.00397","0.0235"
"546","High","4","-0.0142","-0.00397","0.118"
"547","High","4","-0.0142","-0.00397","0.11"
"548","High","4","-0.0142","-0.00397","0.0467"
"549","High","4","-0.0142","-0.00166","0.0235"
"550","High","4","-0.0142","-0.00166","0.118"
"551","High","4","-0.0142","-0.00166","0.11"
"552","High","4","-0.0142","-0.00166","0.0467"
"553","High","4","-0.0142","0.0061","0.0235"
"554","High","4","-0.0142","0.0061","0.118"
"555","High","4","-0.0142","0.0061","0.11"
"556","High","4","-0.0142","0.0061","0.0467"
"557","High","4","-0.0142","0.0153","0.0235"
"558","High","4","-0.0142","0.0153","0.118"
"559","High","4","-0.0142","0.0153","0.11"
"560","High","4","-0.0142","0.0153","0.0467"
"561","High","5","0.127","-0.00397","0.0235"
"562","High","5","0.127","-0.00397","0.118"
"563","High","5","0.127","-0.00397","0.11"
"564","High","5","0.127","-0.00397","0.0467"
"565","High","5","0.127","-0.00166","0.0235"
"566","High","5","0.127","-0.00166","0.118"
"567","High","5","0.127","-0.00166","0.11"
"568","High","5","0.127","-0.00166","0.0467"
"569","High","5","0.127","0.0061","0.0235"
"570","High","5","0.127","0.0061","0.118"
"571","High","5","0.127","0.0061","0.11"
"572","High","5","0.127","0.0061","0.0467"
"573","High","5","0.127","0.0153","0.0235"
"574","High","5","0.127","0.0153","0.118"
"575","High","5","0.127","0.0153","0.11"
"576","High","5","0.127","0.0153","0.0467"
"577","Missing","2","0.0127","-0.018","-0.0303"
"578","Missing","2","0.0127","-0.018","0.0483"
"579","Missing","2","0.0127","-0.018","0.0301"
"580","Missing","2","0.0127","-0.018","0.0459"
"581","Missing","2","0.0127","-0.0241","-0.0303"
"582","Missing","2","0.0127","-0.0241","0.0483"
"583","Missing","2","0.0127","-0.0241","0.0301"
"584","Missing","2","0.0127","-0.0241","0.0459"
"585","Missing","2","0.0127","0.0169","-0.0303"
"586","Missing","2","0.0127","0.0169","0.0483"
"587","Missing","2","0.0127","0.0169","0.0301"
"588","Missing","2","0.0127","0.0169","0.0459"
"589","Missing","2","0.0127","0.0181","-0.0303"
"590","Missing","2","0.0127","0.0181","0.0483"
"591","Missing","2","0.0127","0.0181","0.0301"
"592","Missing","2","0.0127","0.0181","0.0459"
"593","Missing","3","0.045","-0.018","-0.0303"
"594","Missing","3","0.045","-0.018","0.0483"
"595","Missing","3","0.045","-0.018","0.0301"
"596","Missing","3","0.045","-0.018","0.0459"
"597","Missing","3","0.045","-0.0241","-0.0303"
"598","Missing","3","0.045","-0.0241","0.0483"
"599","Missing","3","0.045","-0.0241","0.0301"
"600","Missing","3","0.045","-0.0241","0.0459"
"601","Missing","3","0.045","0.0169","-0.0303"
"602","Missing","3","0.045","0.0169","0.0483"
"603","Missing","3","0.045","0.0169","0.0301"
"604","Missing","3","0.045","0.0169","0.0459"
"605","Missing","3","0.045","0.0181","-0.0303"
"606","Missing","3","0.045","0.0181","0.0483"
"607","Missing","3","0.045","0.0181","0.0301"
"608","Missing","3","0.045","0.0181","0.0459"
"609","Missing","4","-0.0115","-0.018","-0.0303"
"610","Missing","4","-0.0115","-0.018","0.0483"
"611","Missing","4","-0.0115","-0.018","0.0301"
"612","Missing","4","-0.0115","-0.018","0.0459"
"613","Missing","4","-0.0115","-0.0241","-0.0303"
"614","Missing","4","-0.0115","-0.0241","0.0483"
"615","Missing","4","-0.0115","-0.0241","0.0301"
"616","Missing","4","-0.0115","-0.0241","0.0459"
"617","Missing","4","-0.0115","0.0169","-0.0303"
"618","Missing","4","-0.0115","0.0169","0.0483"
"619","Missing","4","-0.0115","0.0169","0.0301"
"620","Missing","4","-0.0115","0.0169","0.0459"
"621","Missing","4","-0.0115","0.0181","-0.0303"
"622","Missing","4","-0.0115","0.0181","0.0483"
"623","Missing","4","-0.0115","0.0181","0.0301"
"624","Missing","4","-0.0115","0.0181","0.0459"
"625","Missing","5","0.068","-0.018","-0.0303"
"626","Missing","5","0.068","-0.018","0.0483"
"627","Missing","5","0.068","-0.018","0.0301"
"628","Missing","5","0.068","-0.018","0.0459"
"629","Missing","5","0.068","-0.0241","-0.0303"
"630","Missing","5","0.068","-0.0241","0.0483"
"631","Missing","5","0.068","-0.0241","0.0301"
"632","Missing","5","0.068","-0.0241","0.0459"
"633","Missing","5","0.068","0.0169","-0.0303"
"634","Missing","5","0.068","0.0169","0.0483"
"635","Missing","5","0.068","0.0169","0.0301"
"636","Missing","5","0.068","0.0169","0.0459"
"637","Missing","5","0.068","0.0181","-0.0303"
"638","Missing","5","0.068","0.0181","0.0483"
"639","Missing","5","0.068","0.0181","0.0301"
"640","Missing","5","0.068","0.0181","0.0459"
"641","COVID-19 year * Parental education medium","2","0.044","0.0428","-0.0321"
"642","COVID-19 year * Parental education medium","2","0.044","0.0428","-0.053"
"643","COVID-19 year * Parental education medium","2","0.044","0.0428","-0.056"
"644","COVID-19 year * Parental education medium","2","0.044","0.0428","-0.0416"
"645","COVID-19 year * Parental education medium","2","0.044","0.0626","-0.0321"
"646","COVID-19 year * Parental education medium","2","0.044","0.0626","-0.053"
"647","COVID-19 year * Parental education medium","2","0.044","0.0626","-0.056"
"648","COVID-19 year * Parental education medium","2","0.044","0.0626","-0.0416"
"649","COVID-19 year * Parental education medium","2","0.044","0.0339","-0.0321"
"650","COVID-19 year * Parental education medium","2","0.044","0.0339","-0.053"
"651","COVID-19 year * Parental education medium","2","0.044","0.0339","-0.056"
"652","COVID-19 year * Parental education medium","2","0.044","0.0339","-0.0416"
"653","COVID-19 year * Parental education medium","2","0.044","0.0162","-0.0321"
"654","COVID-19 year * Parental education medium","2","0.044","0.0162","-0.053"
"655","COVID-19 year * Parental education medium","2","0.044","0.0162","-0.056"
"656","COVID-19 year * Parental education medium","2","0.044","0.0162","-0.0416"
"657","COVID-19 year * Parental education medium","3","-0.0248","0.0428","-0.0321"
"658","COVID-19 year * Parental education medium","3","-0.0248","0.0428","-0.053"
"659","COVID-19 year * Parental education medium","3","-0.0248","0.0428","-0.056"
"660","COVID-19 year * Parental education medium","3","-0.0248","0.0428","-0.0416"
"661","COVID-19 year * Parental education medium","3","-0.0248","0.0626","-0.0321"
"662","COVID-19 year * Parental education medium","3","-0.0248","0.0626","-0.053"
"663","COVID-19 year * Parental education medium","3","-0.0248","0.0626","-0.056"
"664","COVID-19 year * Parental education medium","3","-0.0248","0.0626","-0.0416"
"665","COVID-19 year * Parental education medium","3","-0.0248","0.0339","-0.0321"
"666","COVID-19 year * Parental education medium","3","-0.0248","0.0339","-0.053"
"667","COVID-19 year * Parental education medium","3","-0.0248","0.0339","-0.056"
"668","COVID-19 year * Parental education medium","3","-0.0248","0.0339","-0.0416"
"669","COVID-19 year * Parental education medium","3","-0.0248","0.0162","-0.0321"
"670","COVID-19 year * Parental education medium","3","-0.0248","0.0162","-0.053"
"671","COVID-19 year * Parental education medium","3","-0.0248","0.0162","-0.056"
"672","COVID-19 year * Parental education medium","3","-0.0248","0.0162","-0.0416"
"673","COVID-19 year * Parental education medium","4","0.0286","0.0428","-0.0321"
"674","COVID-19 year * Parental education medium","4","0.0286","0.0428","-0.053"
"675","COVID-19 year * Parental education medium","4","0.0286","0.0428","-0.056"
"676","COVID-19 year * Parental education medium","4","0.0286","0.0428","-0.0416"
"677","COVID-19 year * Parental education medium","4","0.0286","0.0626","-0.0321"
"678","COVID-19 year * Parental education medium","4","0.0286","0.0626","-0.053"
"679","COVID-19 year * Parental education medium","4","0.0286","0.0626","-0.056"
"680","COVID-19 year * Parental education medium","4","0.0286","0.0626","-0.0416"
"681","COVID-19 year * Parental education medium","4","0.0286","0.0339","-0.0321"
"682","COVID-19 year * Parental education medium","4","0.0286","0.0339","-0.053"
"683","COVID-19 year * Parental education medium","4","0.0286","0.0339","-0.056"
"684","COVID-19 year * Parental education medium","4","0.0286","0.0339","-0.0416"
"685","COVID-19 year * Parental education medium","4","0.0286","0.0162","-0.0321"
"686","COVID-19 year * Parental education medium","4","0.0286","0.0162","-0.053"
"687","COVID-19 year * Parental education medium","4","0.0286","0.0162","-0.056"
"688","COVID-19 year * Parental education medium","4","0.0286","0.0162","-0.0416"
"689","COVID-19 year * Parental education medium","5","-0.0484","0.0428","-0.0321"
"690","COVID-19 year * Parental education medium","5","-0.0484","0.0428","-0.053"
"691","COVID-19 year * Parental education medium","5","-0.0484","0.0428","-0.056"
"692","COVID-19 year * Parental education medium","5","-0.0484","0.0428","-0.0416"
"693","COVID-19 year * Parental education medium","5","-0.0484","0.0626","-0.0321"
"694","COVID-19 year * Parental education medium","5","-0.0484","0.0626","-0.053"
"695","COVID-19 year * Parental education medium","5","-0.0484","0.0626","-0.056"
"696","COVID-19 year * Parental education medium","5","-0.0484","0.0626","-0.0416"
"697","COVID-19 year * Parental education medium","5","-0.0484","0.0339","-0.0321"
"698","COVID-19 year * Parental education medium","5","-0.0484","0.0339","-0.053"
"699","COVID-19 year * Parental education medium","5","-0.0484","0.0339","-0.056"
"700","COVID-19 year * Parental education medium","5","-0.0484","0.0339","-0.0416"
"701","COVID-19 year * Parental education medium","5","-0.0484","0.0162","-0.0321"
"702","COVID-19 year * Parental education medium","5","-0.0484","0.0162","-0.053"
"703","COVID-19 year * Parental education medium","5","-0.0484","0.0162","-0.056"
"704","COVID-19 year * Parental education medium","5","-0.0484","0.0162","-0.0416"
"705","COVID-19 year * Parental education high","2","0.066","0.117","0.0148"
"706","COVID-19 year * Parental education high","2","0.066","0.117","-0.0253"
"707","COVID-19 year * Parental education high","2","0.066","0.117","0.0025"
"708","COVID-19 year * Parental education high","2","0.066","0.117","-0.0153"
"709","COVID-19 year * Parental education high","2","0.066","0.106","0.0148"
"710","COVID-19 year * Parental education high","2","0.066","0.106","-0.0253"
"711","COVID-19 year * Parental education high","2","0.066","0.106","0.0025"
"712","COVID-19 year * Parental education high","2","0.066","0.106","-0.0153"
"713","COVID-19 year * Parental education high","2","0.066","0.133","0.0148"
"714","COVID-19 year * Parental education high","2","0.066","0.133","-0.0253"
"715","COVID-19 year * Parental education high","2","0.066","0.133","0.0025"
"716","COVID-19 year * Parental education high","2","0.066","0.133","-0.0153"
"717","COVID-19 year * Parental education high","2","0.066","0.047","0.0148"
"718","COVID-19 year * Parental education high","2","0.066","0.047","-0.0253"
"719","COVID-19 year * Parental education high","2","0.066","0.047","0.0025"
"720","COVID-19 year * Parental education high","2","0.066","0.047","-0.0153"
"721","COVID-19 year * Parental education high","3","0.0421","0.117","0.0148"
"722","COVID-19 year * Parental education high","3","0.0421","0.117","-0.0253"
"723","COVID-19 year * Parental education high","3","0.0421","0.117","0.0025"
"724","COVID-19 year * Parental education high","3","0.0421","0.117","-0.0153"
"725","COVID-19 year * Parental education high","3","0.0421","0.106","0.0148"
"726","COVID-19 year * Parental education high","3","0.0421","0.106","-0.0253"
"727","COVID-19 year * Parental education high","3","0.0421","0.106","0.0025"
"728","COVID-19 year * Parental education high","3","0.0421","0.106","-0.0153"
"729","COVID-19 year * Parental education high","3","0.0421","0.133","0.0148"
"730","COVID-19 year * Parental education high","3","0.0421","0.133","-0.0253"
"731","COVID-19 year * Parental education high","3","0.0421","0.133","0.0025"
"732","COVID-19 year * Parental education high","3","0.0421","0.133","-0.0153"
"733","COVID-19 year * Parental education high","3","0.0421","0.047","0.0148"
"734","COVID-19 year * Parental education high","3","0.0421","0.047","-0.0253"
"735","COVID-19 year * Parental education high","3","0.0421","0.047","0.0025"
"736","COVID-19 year * Parental education high","3","0.0421","0.047","-0.0153"
"737","COVID-19 year * Parental education high","4","0.0548","0.117","0.0148"
"738","COVID-19 year * Parental education high","4","0.0548","0.117","-0.0253"
"739","COVID-19 year * Parental education high","4","0.0548","0.117","0.0025"
"740","COVID-19 year * Parental education high","4","0.0548","0.117","-0.0153"
"741","COVID-19 year * Parental education high","4","0.0548","0.106","0.0148"
"742","COVID-19 year * Parental education high","4","0.0548","0.106","-0.0253"
"743","COVID-19 year * Parental education high","4","0.0548","0.106","0.0025"
"744","COVID-19 year * Parental education high","4","0.0548","0.106","-0.0153"
"745","COVID-19 year * Parental education high","4","0.0548","0.133","0.0148"
"746","COVID-19 year * Parental education high","4","0.0548","0.133","-0.0253"
"747","COVID-19 year * Parental education high","4","0.0548","0.133","0.0025"
"748","COVID-19 year * Parental education high","4","0.0548","0.133","-0.0153"
"749","COVID-19 year * Parental education high","4","0.0548","0.047","0.0148"
"750","COVID-19 year * Parental education high","4","0.0548","0.047","-0.0253"
"751","COVID-19 year * Parental education high","4","0.0548","0.047","0.0025"
"752","COVID-19 year * Parental education high","4","0.0548","0.047","-0.0153"
"753","COVID-19 year * Parental education high","5","-0.000224","0.117","0.0148"
"754","COVID-19 year * Parental education high","5","-0.000224","0.117","-0.0253"
"755","COVID-19 year * Parental education high","5","-0.000224","0.117","0.0025"
"756","COVID-19 year * Parental education high","5","-0.000224","0.117","-0.0153"
"757","COVID-19 year * Parental education high","5","-0.000224","0.106","0.0148"
"758","COVID-19 year * Parental education high","5","-0.000224","0.106","-0.0253"
"759","COVID-19 year * Parental education high","5","-0.000224","0.106","0.0025"
"760","COVID-19 year * Parental education high","5","-0.000224","0.106","-0.0153"
"761","COVID-19 year * Parental education high","5","-0.000224","0.133","0.0148"
"762","COVID-19 year * Parental education high","5","-0.000224","0.133","-0.0253"
"763","COVID-19 year * Parental education high","5","-0.000224","0.133","0.0025"
"764","COVID-19 year * Parental education high","5","-0.000224","0.133","-0.0153"
"765","COVID-19 year * Parental education high","5","-0.000224","0.047","0.0148"
"766","COVID-19 year * Parental education high","5","-0.000224","0.047","-0.0253"
"767","COVID-19 year * Parental education high","5","-0.000224","0.047","0.0025"
"768","COVID-19 year * Parental education high","5","-0.000224","0.047","-0.0153"
"769","COVID-19 year * Parental education missing","2","0.00363","0.118","0.0536"
"770","COVID-19 year * Parental education missing","2","0.00363","0.118","-0.0418"
"771","COVID-19 year * Parental education missing","2","0.00363","0.118","-0.0015"
"772","COVID-19 year * Parental education missing","2","0.00363","0.118","-0.066"
"773","COVID-19 year * Parental education missing","2","0.00363","0.133","0.0536"
"774","COVID-19 year * Parental education missing","2","0.00363","0.133","-0.0418"
"775","COVID-19 year * Parental education missing","2","0.00363","0.133","-0.0015"
"776","COVID-19 year * Parental education missing","2","0.00363","0.133","-0.066"
"777","COVID-19 year * Parental education missing","2","0.00363","0.0498","0.0536"
"778","COVID-19 year * Parental education missing","2","0.00363","0.0498","-0.0418"
"779","COVID-19 year * Parental education missing","2","0.00363","0.0498","-0.0015"
"780","COVID-19 year * Parental education missing","2","0.00363","0.0498","-0.066"
"781","COVID-19 year * Parental education missing","2","0.00363","0.0501","0.0536"
"782","COVID-19 year * Parental education missing","2","0.00363","0.0501","-0.0418"
"783","COVID-19 year * Parental education missing","2","0.00363","0.0501","-0.0015"
"784","COVID-19 year * Parental education missing","2","0.00363","0.0501","-0.066"
"785","COVID-19 year * Parental education missing","3","0.0141","0.118","0.0536"
"786","COVID-19 year * Parental education missing","3","0.0141","0.118","-0.0418"
"787","COVID-19 year * Parental education missing","3","0.0141","0.118","-0.0015"
"788","COVID-19 year * Parental education missing","3","0.0141","0.118","-0.066"
"789","COVID-19 year * Parental education missing","3","0.0141","0.133","0.0536"
"790","COVID-19 year * Parental education missing","3","0.0141","0.133","-0.0418"
"791","COVID-19 year * Parental education missing","3","0.0141","0.133","-0.0015"
"792","COVID-19 year * Parental education missing","3","0.0141","0.133","-0.066"
"793","COVID-19 year * Parental education missing","3","0.0141","0.0498","0.0536"
"794","COVID-19 year * Parental education missing","3","0.0141","0.0498","-0.0418"
"795","COVID-19 year * Parental education missing","3","0.0141","0.0498","-0.0015"
"796","COVID-19 year * Parental education missing","3","0.0141","0.0498","-0.066"
"797","COVID-19 year * Parental education missing","3","0.0141","0.0501","0.0536"
"798","COVID-19 year * Parental education missing","3","0.0141","0.0501","-0.0418"
"799","COVID-19 year * Parental education missing","3","0.0141","0.0501","-0.0015"
"800","COVID-19 year * Parental education missing","3","0.0141","0.0501","-0.066"
"801","COVID-19 year * Parental education missing","4","0.0256","0.118","0.0536"
"802","COVID-19 year * Parental education missing","4","0.0256","0.118","-0.0418"
"803","COVID-19 year * Parental education missing","4","0.0256","0.118","-0.0015"
"804","COVID-19 year * Parental education missing","4","0.0256","0.118","-0.066"
"805","COVID-19 year * Parental education missing","4","0.0256","0.133","0.0536"
"806","COVID-19 year * Parental education missing","4","0.0256","0.133","-0.0418"
"807","COVID-19 year * Parental education missing","4","0.0256","0.133","-0.0015"
"808","COVID-19 year * Parental education missing","4","0.0256","0.133","-0.066"
"809","COVID-19 year * Parental education missing","4","0.0256","0.0498","0.0536"
"810","COVID-19 year * Parental education missing","4","0.0256","0.0498","-0.0418"
"811","COVID-19 year * Parental education missing","4","0.0256","0.0498","-0.0015"
"812","COVID-19 year * Parental education missing","4","0.0256","0.0498","-0.066"
"813","COVID-19 year * Parental education missing","4","0.0256","0.0501","0.0536"
"814","COVID-19 year * Parental education missing","4","0.0256","0.0501","-0.0418"
"815","COVID-19 year * Parental education missing","4","0.0256","0.0501","-0.0015"
"816","COVID-19 year * Parental education missing","4","0.0256","0.0501","-0.066"
"817","COVID-19 year * Parental education missing","5","0.019","0.118","0.0536"
"818","COVID-19 year * Parental education missing","5","0.019","0.118","-0.0418"
"819","COVID-19 year * Parental education missing","5","0.019","0.118","-0.0015"
"820","COVID-19 year * Parental education missing","5","0.019","0.118","-0.066"
"821","COVID-19 year * Parental education missing","5","0.019","0.133","0.0536"
"822","COVID-19 year * Parental education missing","5","0.019","0.133","-0.0418"
"823","COVID-19 year * Parental education missing","5","0.019","0.133","-0.0015"
"824","COVID-19 year * Parental education missing","5","0.019","0.133","-0.066"
"825","COVID-19 year * Parental education missing","5","0.019","0.0498","0.0536"
"826","COVID-19 year * Parental education missing","5","0.019","0.0498","-0.0418"
"827","COVID-19 year * Parental education missing","5","0.019","0.0498","-0.0015"
"828","COVID-19 year * Parental education missing","5","0.019","0.0498","-0.066"
"829","COVID-19 year * Parental education missing","5","0.019","0.0501","0.0536"
"830","COVID-19 year * Parental education missing","5","0.019","0.0501","-0.0418"
"831","COVID-19 year * Parental education missing","5","0.019","0.0501","-0.0015"
"832","COVID-19 year * Parental education missing","5","0.019","0.0501","-0.066"
"833","Constant","2","0.00969","0.0524","0.0398"
"834","Constant","2","0.00969","0.0524","0.0108"
"835","Constant","2","0.00969","0.0524","-0.0539"
"836","Constant","2","0.00969","0.0524","0.0244"
"837","Constant","2","0.00969","0.0256","0.0398"
"838","Constant","2","0.00969","0.0256","0.0108"
"839","Constant","2","0.00969","0.0256","-0.0539"
"840","Constant","2","0.00969","0.0256","0.0244"
"841","Constant","2","0.00969","0.0365","0.0398"
"842","Constant","2","0.00969","0.0365","0.0108"
"843","Constant","2","0.00969","0.0365","-0.0539"
"844","Constant","2","0.00969","0.0365","0.0244"
"845","Constant","2","0.00969","0.043","0.0398"
"846","Constant","2","0.00969","0.043","0.0108"
"847","Constant","2","0.00969","0.043","-0.0539"
"848","Constant","2","0.00969","0.043","0.0244"
"849","Constant","3","0.004","0.0524","0.0398"
"850","Constant","3","0.004","0.0524","0.0108"
"851","Constant","3","0.004","0.0524","-0.0539"
"852","Constant","3","0.004","0.0524","0.0244"
"853","Constant","3","0.004","0.0256","0.0398"
"854","Constant","3","0.004","0.0256","0.0108"
"855","Constant","3","0.004","0.0256","-0.0539"
"856","Constant","3","0.004","0.0256","0.0244"
"857","Constant","3","0.004","0.0365","0.0398"
"858","Constant","3","0.004","0.0365","0.0108"
"859","Constant","3","0.004","0.0365","-0.0539"
"860","Constant","3","0.004","0.0365","0.0244"
"861","Constant","3","0.004","0.043","0.0398"
"862","Constant","3","0.004","0.043","0.0108"
"863","Constant","3","0.004","0.043","-0.0539"
"864","Constant","3","0.004","0.043","0.0244"
"865","Constant","4","0.0325","0.0524","0.0398"
"866","Constant","4","0.0325","0.0524","0.0108"
"867","Constant","4","0.0325","0.0524","-0.0539"
"868","Constant","4","0.0325","0.0524","0.0244"
"869","Constant","4","0.0325","0.0256","0.0398"
"870","Constant","4","0.0325","0.0256","0.0108"
"871","Constant","4","0.0325","0.0256","-0.0539"
"872","Constant","4","0.0325","0.0256","0.0244"
"873","Constant","4","0.0325","0.0365","0.0398"
"874","Constant","4","0.0325","0.0365","0.0108"
"875","Constant","4","0.0325","0.0365","-0.0539"
"876","Constant","4","0.0325","0.0365","0.0244"
"877","Constant","4","0.0325","0.043","0.0398"
"878","Constant","4","0.0325","0.043","0.0108"
"879","Constant","4","0.0325","0.043","-0.0539"
"880","Constant","4","0.0325","0.043","0.0244"
"881","Constant","5","-0.0412","0.0524","0.0398"
"882","Constant","5","-0.0412","0.0524","0.0108"
"883","Constant","5","-0.0412","0.0524","-0.0539"
"884","Constant","5","-0.0412","0.0524","0.0244"
"885","Constant","5","-0.0412","0.0256","0.0398"
"886","Constant","5","-0.0412","0.0256","0.0108"
"887","Constant","5","-0.0412","0.0256","-0.0539"
"888","Constant","5","-0.0412","0.0256","0.0244"
"889","Constant","5","-0.0412","0.0365","0.0398"
"890","Constant","5","-0.0412","0.0365","0.0108"
"891","Constant","5","-0.0412","0.0365","-0.0539"
"892","Constant","5","-0.0412","0.0365","0.0244"
"893","Constant","5","-0.0412","0.043","0.0398"
"894","Constant","5","-0.0412","0.043","0.0108"
"895","Constant","5","-0.0412","0.043","-0.0539"
"896","Constant","5","-0.0412","0.043","0.0244"
"897","Observations","2","67,295","71,188","55,303"
"898","Observations","2","67,295","71,188","68,721"
"899","Observations","2","67,295","71,188","68,802"
"900","Observations","2","67,295","71,188","49,491"
"901","Observations","2","67,295","75,577","55,303"
"902","Observations","2","67,295","75,577","68,721"
"903","Observations","2","67,295","75,577","68,802"
"904","Observations","2","67,295","75,577","49,491"
"905","Observations","2","67,295","79,786","55,303"
"906","Observations","2","67,295","79,786","68,721"
"907","Observations","2","67,295","79,786","68,802"
"908","Observations","2","67,295","79,786","49,491"
"909","Observations","2","67,295","69,986","55,303"
"910","Observations","2","67,295","69,986","68,721"
"911","Observations","2","67,295","69,986","68,802"
"912","Observations","2","67,295","69,986","49,491"
"913","Observations","3","72,125","71,188","55,303"
"914","Observations","3","72,125","71,188","68,721"
"915","Observations","3","72,125","71,188","68,802"
"916","Observations","3","72,125","71,188","49,491"
"917","Observations","3","72,125","75,577","55,303"
"918","Observations","3","72,125","75,577","68,721"
"919","Observations","3","72,125","75,577","68,802"
"920","Observations","3","72,125","75,577","49,491"
"921","Observations","3","72,125","79,786","55,303"
"922","Observations","3","72,125","79,786","68,721"
"923","Observations","3","72,125","79,786","68,802"
"924","Observations","3","72,125","79,786","49,491"
"925","Observations","3","72,125","69,986","55,303"
"926","Observations","3","72,125","69,986","68,721"
"927","Observations","3","72,125","69,986","68,802"
"928","Observations","3","72,125","69,986","49,491"
"929","Observations","4","71,089","71,188","55,303"
"930","Observations","4","71,089","71,188","68,721"
"931","Observations","4","71,089","71,188","68,802"
"932","Observations","4","71,089","71,188","49,491"
"933","Observations","4","71,089","75,577","55,303"
"934","Observations","4","71,089","75,577","68,721"
"935","Observations","4","71,089","75,577","68,802"
"936","Observations","4","71,089","75,577","49,491"
"937","Observations","4","71,089","79,786","55,303"
"938","Observations","4","71,089","79,786","68,721"
"939","Observations","4","71,089","79,786","68,802"
"940","Observations","4","71,089","79,786","49,491"
"941","Observations","4","71,089","69,986","55,303"
"942","Observations","4","71,089","69,986","68,721"
"943","Observations","4","71,089","69,986","68,802"
"944","Observations","4","71,089","69,986","49,491"
"945","Observations","5","48,093","71,188","55,303"
"946","Observations","5","48,093","71,188","68,721"
"947","Observations","5","48,093","71,188","68,802"
"948","Observations","5","48,093","71,188","49,491"
"949","Observations","5","48,093","75,577","55,303"
"950","Observations","5","48,093","75,577","68,721"
"951","Observations","5","48,093","75,577","68,802"
"952","Observations","5","48,093","75,577","49,491"
"953","Observations","5","48,093","79,786","55,303"
"954","Observations","5","48,093","79,786","68,721"
"955","Observations","5","48,093","79,786","68,802"
"956","Observations","5","48,093","79,786","49,491"
"957","Observations","5","48,093","69,986","55,303"
"958","Observations","5","48,093","69,986","68,721"
"959","Observations","5","48,093","69,986","68,802"
"960","Observations","5","48,093","69,986","49,491"
"961","R-squared","2","0.01","0.004","0.002"
"962","R-squared","2","0.01","0.004","0.011"
"963","R-squared","2","0.01","0.004","0.005"
"964","R-squared","2","0.01","0.004","0.01"
"965","R-squared","2","0.01","0.007","0.002"
"966","R-squared","2","0.01","0.007","0.011"
"967","R-squared","2","0.01","0.007","0.005"
"968","R-squared","2","0.01","0.007","0.01"
"969","R-squared","2","0.01","0.014","0.002"
"970","R-squared","2","0.01","0.014","0.011"
"971","R-squared","2","0.01","0.014","0.005"
"972","R-squared","2","0.01","0.014","0.01"
"973","R-squared","2","0.01","0.022","0.002"
"974","R-squared","2","0.01","0.022","0.011"
"975","R-squared","2","0.01","0.022","0.005"
"976","R-squared","2","0.01","0.022","0.01"
"977","R-squared","3","0.007","0.004","0.002"
"978","R-squared","3","0.007","0.004","0.011"
"979","R-squared","3","0.007","0.004","0.005"
"980","R-squared","3","0.007","0.004","0.01"
"981","R-squared","3","0.007","0.007","0.002"
"982","R-squared","3","0.007","0.007","0.011"
"983","R-squared","3","0.007","0.007","0.005"
"984","R-squared","3","0.007","0.007","0.01"
"985","R-squared","3","0.007","0.014","0.002"
"986","R-squared","3","0.007","0.014","0.011"
"987","R-squared","3","0.007","0.014","0.005"
"988","R-squared","3","0.007","0.014","0.01"
"989","R-squared","3","0.007","0.022","0.002"
"990","R-squared","3","0.007","0.022","0.011"
"991","R-squared","3","0.007","0.022","0.005"
"992","R-squared","3","0.007","0.022","0.01"
"993","R-squared","4","0.004","0.004","0.002"
"994","R-squared","4","0.004","0.004","0.011"
"995","R-squared","4","0.004","0.004","0.005"
"996","R-squared","4","0.004","0.004","0.01"
"997","R-squared","4","0.004","0.007","0.002"
"998","R-squared","4","0.004","0.007","0.011"
"999","R-squared","4","0.004","0.007","0.005"
"1000","R-squared","4","0.004","0.007","0.01"
"1001","R-squared","4","0.004","0.014","0.002"
"1002","R-squared","4","0.004","0.014","0.011"
"1003","R-squared","4","0.004","0.014","0.005"
"1004","R-squared","4","0.004","0.014","0.01"
"1005","R-squared","4","0.004","0.022","0.002"
"1006","R-squared","4","0.004","0.022","0.011"
"1007","R-squared","4","0.004","0.022","0.005"
"1008","R-squared","4","0.004","0.022","0.01"
"1009","R-squared","5","0.012","0.004","0.002"
"1010","R-squared","5","0.012","0.004","0.011"
"1011","R-squared","5","0.012","0.004","0.005"
"1012","R-squared","5","0.012","0.004","0.01"
"1013","R-squared","5","0.012","0.007","0.002"
"1014","R-squared","5","0.012","0.007","0.011"
"1015","R-squared","5","0.012","0.007","0.005"
"1016","R-squared","5","0.012","0.007","0.01"
"1017","R-squared","5","0.012","0.014","0.002"
"1018","R-squared","5","0.012","0.014","0.011"
"1019","R-squared","5","0.012","0.014","0.005"
"1020","R-squared","5","0.012","0.014","0.01"
"1021","R-squared","5","0.012","0.022","0.002"
"1022","R-squared","5","0.012","0.022","0.011"
"1023","R-squared","5","0.012","0.022","0.005"
"1024","R-squared","5","0.012","0.022","0.01"
"1025","Clusters","2","1161","1167","1038"
"1026","Clusters","2","1161","1167","1154"
"1027","Clusters","2","1161","1167","1149"
"1028","Clusters","2","1161","1167","1089"
"1029","Clusters","2","1161","1166","1038"
"1030","Clusters","2","1161","1166","1154"
"1031","Clusters","2","1161","1166","1149"
"1032","Clusters","2","1161","1166","1089"
"1033","Clusters","2","1161","1171","1038"
"1034","Clusters","2","1161","1171","1154"
"1035","Clusters","2","1161","1171","1149"
"1036","Clusters","2","1161","1171","1089"
"1037","Clusters","2","1161","1159","1038"
"1038","Clusters","2","1161","1159","1154"
"1039","Clusters","2","1161","1159","1149"
"1040","Clusters","2","1161","1159","1089"
"1041","Clusters","3","1158","1167","1038"
"1042","Clusters","3","1158","1167","1154"
"1043","Clusters","3","1158","1167","1149"
"1044","Clusters","3","1158","1167","1089"
"1045","Clusters","3","1158","1166","1038"
"1046","Clusters","3","1158","1166","1154"
"1047","Clusters","3","1158","1166","1149"
"1048","Clusters","3","1158","1166","1089"
"1049","Clusters","3","1158","1171","1038"
"1050","Clusters","3","1158","1171","1154"
"1051","Clusters","3","1158","1171","1149"
"1052","Clusters","3","1158","1171","1089"
"1053","Clusters","3","1158","1159","1038"
"1054","Clusters","3","1158","1159","1154"
"1055","Clusters","3","1158","1159","1149"
"1056","Clusters","3","1158","1159","1089"
"1057","Clusters","4","1153","1167","1038"
"1058","Clusters","4","1153","1167","1154"
"1059","Clusters","4","1153","1167","1149"
"1060","Clusters","4","1153","1167","1089"
"1061","Clusters","4","1153","1166","1038"
"1062","Clusters","4","1153","1166","1154"
"1063","Clusters","4","1153","1166","1149"
"1064","Clusters","4","1153","1166","1089"
"1065","Clusters","4","1153","1171","1038"
"1066","Clusters","4","1153","1171","1154"
"1067","Clusters","4","1153","1171","1149"
"1068","Clusters","4","1153","1171","1089"
"1069","Clusters","4","1153","1159","1038"
"1070","Clusters","4","1153","1159","1154"
"1071","Clusters","4","1153","1159","1149"
"1072","Clusters","4","1153","1159","1089"
"1073","Clusters","5","1079","1167","1038"
"1074","Clusters","5","1079","1167","1154"
"1075","Clusters","5","1079","1167","1149"
"1076","Clusters","5","1079","1167","1089"
"1077","Clusters","5","1079","1166","1038"
"1078","Clusters","5","1079","1166","1154"
"1079","Clusters","5","1079","1166","1149"
"1080","Clusters","5","1079","1166","1089"
"1081","Clusters","5","1079","1171","1038"
"1082","Clusters","5","1079","1171","1154"
"1083","Clusters","5","1079","1171","1149"
"1084","Clusters","5","1079","1171","1089"
"1085","Clusters","5","1079","1159","1038"
"1086","Clusters","5","1079","1159","1154"
"1087","Clusters","5","1079","1159","1149"
"1088","Clusters","5","1079","1159","1089"
